description,url
LEVEL 8 Carry on luggage,https://amzn.to/47dDzhd
Hanging toiletry bag (8),https://amzn.to/3Nb8fFY
Packing cubes (5),https://amzn.to/3wF1syG
Reef safe sunscreen (2),https://amzn.to/3QstR4C
Aloe Vera,https://amzn.to/3tqbc0A
Toiletry small plastic pouches,https://amzn.to/3RQUiSg
Poo-Pourri (8),https://amzn.to/3vJCaM8
Non-surge power cube with USB-A & C,https://amzn.to/3Tlz1RM
No surge power bar (8),https://amzn.to/3NCRu7d
Magnet hooks (6),https://amzn.to/3wZgj77
Magnet clips (9),https://amzn.to/37bNh9W
Waterproof phone cases on lanyards (10),https://amzn.to/3iXCuT6
Lanyards (11),https://amzn.to/3uNZBFb
Cruise card holder (9),https://amzn.to/3EWtRUL
Passport wallet (11),https://amzn.to/3f6VqNW
Travel alarm clock (11),https://amzn.to/3iYuYXN
Towel bands,https://amzn.to/3TttXeg
Sunhat,https://amzn.to/3tqLCsp
Magnetic hat clip,https://amzn.to/482MSRJ
Water bottle,https://amzn.to/472kPQU
TSA approved clear bags,https://amzn.to/3RoDzUM
Toiletry containers,https://amzn.to/405h1MS
Make up bag,https://amzn.to/3NwqJTh
Jewelry travel bag,https://amzn.to/3NDuJ4K
Pop up hamper (2),https://amzn.to/408lBtL
Belt bag,https://amzn.to/3tjJrXI
Bonine (10),https://amzn.to/3NE87zo
Seabands (7),https://amzn.to/3LxvLvt
Ginger candies (5),https://amzn.to/370LBzP
Tide to go,https://amzn.to/41z091C
Downy wrinkle release,https://amzn.to/484t2oR
Blow dry brush,https://amzn.to/41DKCho
Curl brush (wavy talk),https://amzn.to/3twdxal
Compression cubes (2),https://amzn.to/497vGeL
Nautical carry on bag (6),https://amzn.to/2TH7L3T
Weekender carry-on bag,https://amzn.to/3ZYk8Gp
Travel shoe bags (2),https://amzn.to/4940GMw
Travel backpack carry-on (2),https://amzn.to/46FbHlX
AirTags (6),https://amzn.to/3tIOttp
Air tag holders (for Medallion too) (2),https://amzn.to/3Q5fjqo
Tile tracker (2),https://amzn.to/3FoMgcp
Night light (10),https://amzn.to/33eMEqP
Beachy bag,https://amzn.to/47Hw2qW
Cover up,https://amzn.to/3vfE1xb
Travel hairdryer (4),https://amzn.to/3xOxndy
Travel cabin fan (8),https://amzn.to/3uMc24t
Travel luggage scale (6),https://amzn.to/3tIbzAX
Over the door organizer (8),https://amzn.to/3Dx2m1N
Towel clips (9),https://amzn.to/3b4cj9V
Luggage tag holder for Royal Caribbean (11),https://amzn.to/3tvNzB5
Luggage tag holder for Celebrity (11),https://amzn.to/3JB36Fk
Luggage tag holder for Norwegian (11),https://amzn.to/3JzGiFP
Luggage tag holder for Princess (11),https://amzn.to/3wvgW8t
Luggage tag holder for Carnival (11),https://amzn.to/3uhaUFM
Luggage tag holder for HAL (11),https://amzn.to/3tz7tLs
More Items we LOVE @ Life Well Cruised Amazon Store (4),https://amzn.to/3QaoV29
Power bar non-surge protected,https://amzn.to/3soKAX8
Power cube,https://amzn.to/3ADZn4G
Portable phone charger,https://amzn.to/3g53mQb
Packing Cubes,https://amzn.to/35746ym
Portable fan,https://amzn.to/3BRffCc
Magnet hooks,https://amzn.to/3cQS5lf
Magnet clips,https://amzn.to/2YKqpdP
Hanging toiletry bag,https://amzn.to/3vQ0r2P
Over the door organizer,https://amzn.to/33eWw3V
Travel jewelry bag (6),https://amzn.to/2SY190s
Clothesline,https://amzn.to/3mOHNpK
Laundry hamper (7),https://amzn.to/2YMyJtw
Ziploc accessory bags,https://amzn.to/3iZfpz9
Crew thank you cards (2),https://amzn.to/3zIBSr1
Downy Wrinkle release,https://amzn.to/2QZoBJI
Lock box safe (4),https://amzn.to/3ibZkqQ
Snorkel Set (2),https://amzn.to/3wrcBjz
Bluetooth Selfie Stick/Tripod,https://amzn.to/3pMcjl8
Thermal Mug,https://amzn.to/342csqk
Carry On luggage (3),https://amzn.to/3nN0Mkz
Cruise tote bag,https://amzn.to/3vFJQPy
Cover up (4),https://amzn.to/3gO5T1Z
Sunhat,https://amzn.to/3gP4yb6
Kindle,https://amzn.to/3gO4N6e
Laptop backpack,https://amzn.to/36zR6St
Waterproof backpack,https://amzn.to/3iZcTcb
Microfiber beach towel,https://amzn.to/3DqsWYZ
Over the door organizer (2),https://amzn.to/4e3lVRj
Compression packing cubes (3),https://amzn.to/3VPbPuI
Packing cube set,https://amzn.to/3S1sRVo
No surge power cube (with USB) (3),https://amzn.to/3TGq8lY
Pill organizer (2),https://amzn.to/3zGyO3T
Magnet hooks (3),https://amzn.to/3yP2xXU
Foldable backpack (2),https://amzn.to/3S6DiY1
Mini travel poupourri,https://amzn.to/3zF6bUO
Bar shampoo & conditioner set,https://amzn.to/3RfGYGn
Luggage strap,https://amzn.to/4dgRbLt
Collapsible water bottles (2),https://amzn.to/4bAxkp9
Compact umbrella,https://amzn.to/4d1ff4P
Toiletry container set,https://amzn.to/4eT7nnz
Clear TSA approved liquid bags (3),https://amzn.to/49AEmdD
Air tags (3),https://amzn.to/4cvYgru
Towel bands (2),https://amzn.to/3S4bd3B
Small portable fan,https://amzn.to/4cVnfUQ
Portable straws (2),https://amzn.to/4bF7L6m
Carry on weekender bag,https://amzn.to/4bICeAi
Backpack carry-on,https://amzn.to/3xRAmaN
Silicone bottle covers,https://amzn.to/3Wf6v5v
Pop up hamper (2),https://amzn.to/3RYTrhY
Electronics organizer (3),https://amzn.to/3wpIvxK
Water shoes (8),https://amzn.to/3G14O1g
Reef safe sunscreen (9),https://amzn.to/3rHUlRS
MSC (4),https://amzn.to/3PLkMU4
Magnet hooks,https://amzn.to/3V3YJJd
Command hooks (alternative),https://amzn.to/3Stj2xG
Cruise card holder wallet (new),https://amzn.to/3dQrM25
Night light (motion sensor),https://amzn.to/3CowIES
Ladies raincoat,https://amzn.to/3C0CECm
Portable charger,https://amzn.to/3UQoKLN
Foldable tote,https://amzn.to/3CmLETN
Foldable water resistant backpack,https://amzn.to/3BQgUcc
Towel bands,https://amzn.to/3RovL3C
Waterproof waist pouch (4),https://amzn.to/3AqMSeK
Nautical stripe beach bag,https://amzn.to/3SHQSin
Wrinkle release,https://amzn.to/3SLQKOU
Tide to go,https://amzn.to/3dZfQLd
Travel laundry sink packet,https://amzn.to/3Rk8U9e
Toothbrush covers,https://amzn.to/3SJKBmb
Travel binoculars (2),https://amzn.to/3iRzO9P
Black faux wrap dress with sleeves,https://amzn.to/3fvZ0nU
Faux wrap dress (same but sleeveless),https://amzn.to/3dVNOjS
Necklace with single pearl,https://amzn.to/3Cn2CBu
Lip balm w/ SPF,https://amzn.to/3wI7Bsn
Aloe vera gel (4),https://amzn.to/3BSz1gX
Carry on bag w/ laptop section (2),https://amzn.to/3LCZBhC
Expandable Tote Carry on bag,https://amzn.to/3dMk2Ob
Passport holder USA (2),https://amzn.to/3Dhgex9
Mesh beach bag,https://amzn.to/3KQPCFe
Luggage set (2),https://amzn.to/3qgd8oj
Collapsable water bottles (3),https://amzn.to/3tXCtVw
Cruise first aid kit (2),https://amzn.to/3uqRn4c
AirTags,https://amzn.to/3RLBthc
Lanyards,https://amzn.to/448kKdU
Hat clip,https://amzn.to/3r78DPz
Sun hat,https://amzn.to/3rb522W
Iwalk phone charger,https://amzn.to/3XxltTq
Portable power bank,https://amzn.to/3pAjhhl
Travel adapter,https://amzn.to/3pp1kCtMini
white noise machine,https://amzn.to/44dg2eP
Travel containers,https://amzn.to/3PFlsuF
Insulated water bottle,https://amzn.to/3PGFTrg
Collapsible water bottle,https://amzn.to/3NziMft
Money belt,https://amzn.to/3JBVOmP
Compression socks,https://amzn.to/46K8fHh
Pressure relief ear plugs,https://amzn.to/448l0cS
Pill box organizer,https://amzn.to/3JCTFXW
Foldable hangers,https://amzn.to/3JIfKUW
Carry on travel bag,https://amzn.to/3NwzJHv
Luggage strap,https://amzn.to/3NsQQtG
Cosmetic bag,https://amzn.to/46rfqE5
Travel pillow,https://amzn.to/44unull
Shoe bags,https://amzn.to/3PKMUr7
Air tags,https://amzn.to/3NuSNWu
Air tag holders,https://amzn.to/3CY5N1U
Tile Tracker,https://amzn.to/438LARF
Tinted lip balm,https://amzn.to/3PBuLff
Aloe Vera gel,https://amzn.to/445oQ6D
Digital watch,https://amzn.to/3XyfSwa
Microfiber towel,https://amzn.to/44wzG5n
Water shoes,https://amzn.to/44rElFD
Towel bands,https://amzn.to/3PKNsgF
Towel band with clips (2),https://amzn.to/3XrB1aR
Mesh beach bag,https://amzn.to/46y1nfN
Straw bag,https://amzn.to/3pq8w1c
Straw clutch wristlets,https://amzn.to/3CVZaND
Midi dress,https://amzn.to/3NyQUrJ
Cover up,https://amzn.to/3Pz7J8K
Crochet cover up,https://amzn.to/3NzFWCu
Black swimsuit,https://amzn.to/3ptoFmv
Luggage sleeve,https://amzn.to/3rd2z8j
Toiletry skins,https://amzn.to/3JHzBUf
Binoculars (2),https://amzn.to/3pMWbUD
Travel clothesline,https://amzn.to/3wx53kY
Travel hangers (black),https://amzn.to/4beWV7G
Travel hangers (pastel),https://amzn.to/3QG680m
Travel adapter,https://amzn.to/44Dy3nF
Cold-Eeze,https://amzn.to/3WDZJqq
Pill organizer,https://amzn.to/488nQj5
Disposable shower caps,https://amzn.to/4byCWk0
Pop up hamper,https://amzn.to/3UQwejT
Thank you notes,https://amzn.to/3USnPN0
Carry-on Bag,https://amzn.to/496ha6i
Towel bands (3),https://amzn.to/4aRzbGe
Carry-on bag (pale pink) (2),https://amzn.to/4aoLIRz
Nautical carry on bag,https://amzn.to/4aEzWCU
Blue stripe beach bag (2),https://amzn.to/3xJxEU7
Blue halter dress,https://amzn.to/3JgzZsb
Criss cross dress (2),https://amzn.to/3TUYyjn
Short sleeve ruffle dress,https://amzn.to/49C2lIl
Short beach dress,https://amzn.to/3xuBHUe
Halter floral dress,https://amzn.to/4aRH9PE
White summer dress,https://amzn.to/43UZmcP
Black one shoulder dress (2),https://amzn.to/4aVWBdB
Lace swimsuit cover up (2),https://amzn.to/4axKzHs
Non-surge power cube,https://amzn.to/4dffDNK
Aloe Vera,https://amzn.to/3yiMYYr
Lip balm,https://amzn.to/4dDhYT1
Toothbrush covers,https://amzn.to/4bj3UfY
Hanging toiletry bag (2),https://amzn.to/3WcXXwa
Toiletry & jewel combo bag,https://amzn.to/3UsW3Gx
Jewelry organizer pouch M,https://amzn.to/4bCVQGG
& S,https://amzn.to/3UfpryJ
Jewelry box,https://amzn.to/4bGVTkv
Make up bag,https://amzn.to/49MycpT
Wrinkle spray,https://amzn.to/4bj4cU6
Bottle covers,https://amzn.to/4bBhPxA
Motion-Eeze,https://amzn.to/44MBQ2a
Clothesline,https://amzn.to/3ydnECT
Reusable straws,https://amzn.to/3wMzYcS
Collapsible water bottles (2),https://amzn.to/4aRfxdK
Insulated bottles,https://amzn.to/3UIfsCf
Compression packing cubes,https://amzn.to/3xU7Qoz
Nautical carry-on bag (2),https://amzn.to/4d8Qapf
Weekender bag,https://amzn.to/4b6tHr9
Foldable backpack (2),https://amzn.to/3WeaiAl
Mesh beach bag,https://amzn.to/4bkAnCt
Sun hat,https://amzn.to/3UQ3vuy
Hat clip (2),https://amzn.to/3QLecgA
Hangers pastel,https://amzn.to/3K2G5Nn
Cold-eeze,https://amzn.to/4blEdva
Pill box (2),https://amzn.to/3UgYSKU
Liquid IV,https://amzn.to/3QI1EGP
Makeup mirror (2),https://amzn.to/3UfMSch
Black dress,https://amzn.to/4dE5mLn
Tropical shirt,https://amzn.to/4dAhq0l
Binoculars,https://amzn.to/3QOmHrb
Electronics bag,https://amzn.to/44MEp4i
Travel adapter,https://amzn.to/3QH5uQf
IWalk charger (2),https://amzn.to/49DHLqO
Power bank INUI (2),https://amzn.to/3WjIt
Money belt,https://amzn.to/3V1wooQ
Portable safe,https://amzn.to/3WD9Wn9
Thank you cards,https://amzn.to/3ymX9Lz
Hanging travel shelves organizer,https://amzn.to/3Q9Ito4
Toiletry covers,https://amzn.to/3rT78FD
Jewelry organizer case,https://amzn.to/45GmlaS
Shower organizer,https://amzn.to/45IjduQ
Portable charger (plugs attached),https://amzn.to/46HxoBI
Sunhat,https://amzn.to/3Fqfzvd
Magnetic hat clip,https://amzn.to/45CLxyJ
Lip balm,https://amzn.to/46CBon2
Reusable straws,https://amzn.to/3FqKffN
Lightweight foldable backpack,https://amzn.to/49egVqp
Magnet hooks (strong),https://amzn.to/3MeMarh
Magnet clips,https://amzn.to/4cGnnXC
Non surge power cube (compact) with USB outlets,https://amzn.to/470ElPy
Refillable water bottle,https://amzn.to/472eEOq
Flat travel fan,https://amzn.to/4dBAlaj
Packing cubes set,https://amzn.to/3X2foOQ
Compression packing cubes set,https://amzn.to/45eiW4d
Large hanging toiletry bag,https://amzn.to/3AteXp9
Weekender carry-on bag,https://amzn.to/4dXDhhD
Cruise card pouch (phone),https://amzn.to/4azyaSH
Travel clothesline,https://amzn.to/3ABzt78
Passport holder with airtag holder,https://amzn.to/3ySP2H1
Silicone bottle covers,https://amzn.to/3YWUmnA
Leaklocks toiletry skins,https://amzn.to/4fRHeWF
Microfiber beach towel (2 pack),https://amzn.to/3YVpa85
Travel adapter,https://amzn.to/3yAEhsE
Seemless thong underwear,https://amzn.to/3Wybe0O
Seamless underwear bikini,https://amzn.to/4c8yuZd
Strapless bra,https://amzn.to/3WP5Mbe
Sticky pasties,https://amzn.to/3Ab1G4F
Passport holder (single passport),https://amzn.to/40eZUdI
Portable charger (my favorite),https://amzn.to/4fbt1mq
Portable charger (built in cables),https://amzn.to/4hkpMei
Noise canceling earbuds,https://amzn.to/4eVQOXG
Stainless steel water bottle,https://amzn.to/48qnS7F
Travel umbrella,https://amzn.to/3C1itIi
Halter maxi dress,https://amzn.to/3SBhQJH
Necklace,https://amzn.to/3kydpTs
Wrinkle release,https://amzn.to/41y7Vsn
Power adapter,https://amzn.to/3Za6wGT
Hanging fan,https://amzn.to/3EIN6AQ
Sunrise alarm clock,https://amzn.to/41BcrGn
Magnetic white board,https://amzn.to/3KQckkr
Sticky notes,https://amzn.to/3meWYMj
Clothesline,https://amzn.to/3xZRWFW
Cruise thank you cards,https://amzn.to/3mfxLkO
Sound machine,https://amzn.to/3J0zlQr
Kindle,https://amzn.to/3KMXhYU
Foldable hangers,https://amzn.to/3EM2P23
Insulated water bottles,https://amzn.to/3y0n1ZY
Garment duffel bag,https://amzn.to/3VkdOW1
Dress I'm wearing,https://amzn.to/3MuBItr
Neutrogena Lip balm w/ SPF,https://amzn.to/3NN3Dpg
Downy wrinkle release,https://amzn.to/38KL4mM
Travel laundry packet,https://amzn.to/3MhUWCn
Towel bands,https://amzn.to/3b44EIR
Insulated cruise mug,https://amzn.to/3NP1F7Z
Laundry hamper,https://amzn.to/396Xe9y
Hanging toiletry bag with extra clear pouch,https://amzn.to/3981t4P
izer insert (see sizes),https://amzn.to/3PUzjuZ
Tote bag (gucci stripe style),https://amzn.to/3NWHbdz
Foldable duffle bag,https://amzn.to/3xfnesP
Garment bag,https://amzn.to/390jpyx
Vaccine card protector,https://amzn.to/3wWyD12
TravelPro underseat rolling bag,https://amzn.to/3xf8ESd
TravelPro large suitcase,https://amzn.to/3MfKM58
Silicone bottle covers,https://amzn.to/4ezpMEG
Waterproof waist pouch,https://amzn.to/3Zc0wyG
Flat travel fan,https://amzn.to/3ZserSA
Luggage strap,https://amzn.to/3Z86Ffa
One shoulder sundress,https://amzn.to/3Z97pC7
Long pink maxi dress,https://amzn.to/3ZdHGqK
Halter style floral dress,https://amzn.to/4i5ShN3
Short floral dress,https://amzn.to/3VbZ65Y
Strapless boho dress,https://amzn.to/499Njuy
Black spaguetti strap dress,https://amzn.to/4g5Sf66
Blue & white halter dress,https://amzn.to/4ePWWQj
Short summer dress,https://amzn.to/4eOuxKx
Short sleeve cover up,https://amzn.to/4fPdOZ3
Lace cover up,https://amzn.to/4fSKVeq
Poupourri,https://amzn.to/40J0G2R
Electronics organizer bag,https://amzn.to/4frrGs1
